id,project_id,engineer_id,update_date,update_type,update_cycle,is_completed
1,318,,,,1,0
2,318,,,,2,0
3,318,,,,3,0
4,318,,,,4,0
5,319,,,,1,0
6,319,,,,2,0
7,319,,,,3,0
8,319,,,,4,0
9,320,,,,1,0
10,320,,,,2,0
11,320,,,,3,0
12,320,,,,4,0
13,321,,,,1,0
14,321,,,,2,0
15,321,,,,3,0
16,321,,,,4,0
17,322,,,,1,0
18,322,,,,2,0
19,322,,,,3,0
20,322,,,,4,0
21,323,,,,1,0
22,323,,,,2,0
23,323,,,,3,0
24,323,,,,4,0
25,324,,,,1,0
26,324,,,,2,0
27,324,,,,3,0
28,324,,,,4,0
29,325,,,,1,0
30,325,,,,2,0
31,325,,,,3,0
32,325,,,,4,0
33,326,,,,1,0
34,326,,,,2,0
35,326,,,,3,0
36,326,,,,4,0
37,327,,,,1,0
38,327,,,,2,0
39,327,,,,3,0
40,327,,,,4,0
41,328,,,,1,0
42,328,,,,2,0
43,328,,,,3,0
44,328,,,,4,0
45,329,,,,1,0
46,329,,,,2,0
47,329,,,,3,0
48,329,,,,4,0
49,330,,,,1,0
50,330,,,,2,0
51,330,,,,3,0
52,330,,,,4,0
53,331,,,,1,0
54,331,,,,2,0
55,331,,,,3,0
56,331,,,,4,0
57,332,,,,1,0
58,332,,,,2,0
59,332,,,,3,0
60,332,,,,4,0
61,333,,,,1,0
62,333,,,,2,0
63,333,,,,3,0
64,333,,,,4,0
65,334,,,,1,0
66,334,,,,2,0
67,334,,,,3,0
68,334,,,,4,0
69,335,,,,1,0
70,335,,,,2,0
71,335,,,,3,0
72,335,,,,4,0
73,336,,,,1,0
74,336,,,,2,0
75,336,,,,3,0
76,336,,,,4,0
77,337,,,,1,0
78,337,,,,2,0
79,337,,,,3,0
80,337,,,,4,0
81,338,,,,1,0
82,338,,,,2,0
83,338,,,,3,0
84,338,,,,4,0
85,339,,,,1,0
86,339,,,,2,0
87,339,,,,3,0
88,339,,,,4,0
89,340,,,,1,0
90,340,,,,2,0
91,340,,,,3,0
92,340,,,,4,0
93,341,,,,1,0
94,341,,,,2,0
95,341,,,,3,0
96,341,,,,4,0
97,342,,,,1,0
98,342,,,,2,0
99,342,,,,3,0
100,342,,,,4,0
101,343,,,,1,0
102,343,,,,2,0
103,343,,,,3,0
104,343,,,,4,0
105,344,,,,1,0
106,344,,,,2,0
107,344,,,,3,0
108,344,,,,4,0
109,345,,,,1,0
110,345,,,,2,0
111,345,,,,3,0
112,345,,,,4,0
113,346,,,,1,0
114,346,,,,2,0
115,346,,,,3,0
116,346,,,,4,0
117,347,,,,1,0
118,347,,,,2,0
119,347,,,,3,0
120,347,,,,4,0
121,348,,,,1,0
122,348,,,,2,0
123,348,,,,3,0
124,348,,,,4,0
125,349,,,,1,0
126,349,,,,2,0
127,349,,,,3,0
128,349,,,,4,0
129,350,,,,1,0
130,350,,,,2,0
131,350,,,,3,0
132,350,,,,4,0
133,351,,,,1,0
134,351,,,,2,0
135,351,,,,3,0
136,351,,,,4,0
137,352,,,,1,0
138,352,,,,2,0
139,352,,,,3,0
140,352,,,,4,0
141,353,,,,1,0
142,353,,,,2,0
143,353,,,,3,0
144,353,,,,4,0
145,354,,,,1,0
146,354,,,,2,0
147,354,,,,3,0
148,354,,,,4,0
149,355,,,,1,0
150,355,,,,2,0
151,355,,,,3,0
152,355,,,,4,0
153,356,,,,1,0
154,356,,,,2,0
155,356,,,,3,0
156,356,,,,4,0
157,357,,,,1,0
158,357,,,,2,0
159,357,,,,3,0
160,357,,,,4,0
161,358,,,,1,0
162,358,,,,2,0
163,358,,,,3,0
164,358,,,,4,0
165,359,,,,1,0
166,359,,,,2,0
167,359,,,,3,0
168,359,,,,4,0
169,360,,,,1,0
170,360,,,,2,0
171,360,,,,3,0
172,360,,,,4,0
173,361,,,,1,0
174,361,,,,2,0
175,361,,,,3,0
176,361,,,,4,0
177,362,,,,1,0
178,362,,,,2,0
179,362,,,,3,0
180,362,,,,4,0
181,363,,,,1,0
182,363,,,,2,0
183,363,,,,3,0
184,363,,,,4,0
185,364,,,,1,0
186,364,,,,2,0
187,364,,,,3,0
188,364,,,,4,0
189,365,,,,1,0
190,365,,,,2,0
191,365,,,,3,0
192,365,,,,4,0
193,366,,,,1,0
194,366,,,,2,0
195,366,,,,3,0
196,366,,,,4,0
197,367,,,,1,0
198,367,,,,2,0
199,367,,,,3,0
200,367,,,,4,0
201,368,,,,1,0
202,368,,,,2,0
203,368,,,,3,0
204,368,,,,4,0
205,369,,,,1,0
206,369,,,,2,0
207,369,,,,3,0
208,369,,,,4,0
209,370,,,,1,0
210,370,,,,2,0
211,370,,,,3,0
212,370,,,,4,0
213,371,,,,1,0
214,371,,,,2,0
215,371,,,,3,0
216,371,,,,4,0
217,372,,,,1,0
218,372,,,,2,0
219,372,,,,3,0
220,372,,,,4,0
221,373,,,,1,0
222,373,,,,2,0
223,373,,,,3,0
224,373,,,,4,0
225,374,,,,1,0
226,374,,,,2,0
227,374,,,,3,0
228,374,,,,4,0
229,375,,,,1,0
230,375,,,,2,0
231,375,,,,3,0
232,375,,,,4,0
233,376,,,,1,0
234,376,,,,2,0
235,376,,,,3,0
236,376,,,,4,0
237,377,,,,1,0
238,377,,,,2,0
239,377,,,,3,0
240,377,,,,4,0
241,378,,,,1,0
242,378,,,,2,0
243,378,,,,3,0
244,378,,,,4,0
245,379,,,,1,0
246,379,,,,2,0
247,379,,,,3,0
248,379,,,,4,0
249,380,,,,1,0
250,380,,,,2,0
251,380,,,,3,0
252,380,,,,4,0
253,381,,,,1,0
254,381,,,,2,0
255,381,,,,3,0
256,381,,,,4,0
257,382,,,,1,0
258,382,,,,2,0
259,382,,,,3,0
260,382,,,,4,0
261,383,,,,1,0
262,383,,,,2,0
263,383,,,,3,0
264,383,,,,4,0
265,384,,,,1,0
266,384,,,,2,0
267,384,,,,3,0
268,384,,,,4,0
269,385,,,,1,0
270,385,,,,2,0
271,385,,,,3,0
272,385,,,,4,0
273,386,,,,1,0
274,386,,,,2,0
275,386,,,,3,0
276,386,,,,4,0
277,387,,,,1,0
278,387,,,,2,0
279,387,,,,3,0
280,387,,,,4,0
281,388,,,,1,0
282,388,,,,2,0
283,388,,,,3,0
284,388,,,,4,0
285,389,,,,1,0
286,389,,,,2,0
287,389,,,,3,0
288,389,,,,4,0
289,390,,,,1,0
290,390,,,,2,0
291,390,,,,3,0
292,390,,,,4,0
293,391,,,,1,0
294,391,,,,2,0
295,391,,,,3,0
296,391,,,,4,0
297,392,,,,1,0
298,392,,,,2,0
299,392,,,,3,0
300,392,,,,4,0
301,393,,,,1,0
302,393,,,,2,0
303,393,,,,3,0
304,393,,,,4,0
305,394,,,,1,0
306,394,,,,2,0
307,394,,,,3,0
308,394,,,,4,0
309,395,,,,1,0
310,395,,,,2,0
311,395,,,,3,0
312,395,,,,4,0
313,396,,,,1,0
314,396,,,,2,0
315,396,,,,3,0
316,396,,,,4,0
317,397,,,,1,0
318,397,,,,2,0
319,397,,,,3,0
320,397,,,,4,0
321,398,,,,1,0
322,398,,,,2,0
323,398,,,,3,0
324,398,,,,4,0
325,399,,,,1,0
326,399,,,,2,0
327,399,,,,3,0
328,399,,,,4,0
329,400,,,,1,0
330,400,,,,2,0
331,400,,,,3,0
332,400,,,,4,0
333,401,,,,1,0
334,401,,,,2,0
335,401,,,,3,0
336,401,,,,4,0
337,402,,,,1,0
338,402,,,,2,0
339,402,,,,3,0
340,402,,,,4,0
341,403,,,,1,0
342,403,,,,2,0
343,403,,,,3,0
344,403,,,,4,0
345,404,,,,1,0
346,404,,,,2,0
347,404,,,,3,0
348,404,,,,4,0
349,405,,,,1,0
350,405,,,,2,0
351,405,,,,3,0
352,405,,,,4,0
353,406,,,,1,0
354,406,,,,2,0
355,406,,,,3,0
356,406,,,,4,0
357,407,,,,1,0
358,407,,,,2,0
359,407,,,,3,0
360,407,,,,4,0
361,408,,,,1,0
362,408,,,,2,0
363,408,,,,3,0
364,408,,,,4,0
365,409,,,,1,0
366,409,,,,2,0
367,409,,,,3,0
368,409,,,,4,0
369,410,,,,1,0
370,410,,,,2,0
371,410,,,,3,0
372,410,,,,4,0
373,411,,,,1,0
374,411,,,,2,0
375,411,,,,3,0
376,411,,,,4,0
377,412,,,,1,0
378,412,,,,2,0
379,412,,,,3,0
380,412,,,,4,0
381,413,,,,1,0
382,413,,,,2,0
383,413,,,,3,0
384,413,,,,4,0
385,414,,,,1,0
386,414,,,,2,0
387,414,,,,3,0
388,414,,,,4,0
389,415,,,,1,0
390,415,,,,2,0
391,415,,,,3,0
392,415,,,,4,0
393,416,,,,1,0
394,416,,,,2,0
395,416,,,,3,0
396,416,,,,4,0
397,417,,,,1,0
398,417,,,,2,0
399,417,,,,3,0
400,417,,,,4,0
401,418,,,,1,0
402,418,,,,2,0
403,418,,,,3,0
404,418,,,,4,0
405,419,,,,1,0
406,419,,,,2,0
407,419,,,,3,0
408,419,,,,4,0
409,420,,,,1,0
410,420,,,,2,0
411,420,,,,3,0
412,420,,,,4,0
413,421,,,,1,0
414,421,,,,2,0
415,421,,,,3,0
416,421,,,,4,0
417,422,,,,1,0
418,422,,,,2,0
419,422,,,,3,0
420,422,,,,4,0
421,423,,,,1,0
422,423,,,,2,0
423,423,,,,3,0
424,423,,,,4,0
425,424,,,,1,1
426,424,,,,2,0
427,424,,,,3,0
428,424,,,,4,0
429,425,1,,,1,1
430,425,,,,2,0
431,425,,,,3,0
432,425,,,,4,0
433,426,1,2025-10-08,,1,1
434,426,,,,2,0
435,426,,,,3,0
436,426,,,,4,0
437,427,1,2025-10-08,,1,1
438,427,1,,,2,0
439,427,,,,3,0
440,427,,,,4,0
441,428,1,2025-10-08,,1,1
442,428,1,,,2,1
443,428,,,,3,0
444,428,,,,4,0
445,429,1,2025-10-08,,1,1
446,429,1,2025-10-09,,2,1
447,429,,,,3,0
448,429,,,,4,0
449,430,1,2025-10-08,,1,1
450,430,1,2025-10-09,,2,1
451,430,,,,3,1
452,430,,,,4,0
453,431,1,2025-10-08,,1,1
454,431,1,2025-10-09,,2,1
455,431,2,,,3,1
456,431,,,,4,0
457,432,1,2025-10-08,,1,1
458,432,1,2025-10-09,,2,1
459,432,2,2025-10-10,,3,1
460,432,,,,4,0
461,433,1,2025-10-08,,1,1
462,433,1,2025-10-09,,2,1
463,433,2,2025-10-10,,3,1
464,433,,,,4,0
465,434,1,2025-10-08,,1,1
466,434,1,2025-10-09,,2,1
467,434,2,2025-10-10,,3,1
468,434,,,,4,0
469,435,1,2025-10-08,,1,1
470,435,1,2025-10-09,,2,1
471,435,2,2025-10-10,,3,1
472,435,,,,4,0
473,436,1,2025-10-08,,1,1
474,436,1,2025-10-09,,2,1
475,436,2,2025-10-10,,3,1
476,436,,,,4,0
477,437,1,2025-10-08,,1,1
478,437,1,2025-10-09,,2,1
479,437,2,2025-10-10,,3,1
480,437,,,,4,0
481,438,1,2025-10-08,,1,1
482,438,1,2025-10-09,,2,1
483,438,2,2025-10-10,,3,1
484,438,,,,4,0
485,439,,,,1,0
486,439,,,,2,0
487,439,,,,3,0
488,439,,,,4,0
489,440,,,,1,0
490,440,,,,2,0
491,440,,,,3,0
492,440,,,,4,0
493,441,,,,1,0
494,441,,,,2,0
495,441,,,,3,0
496,441,,,,4,0
497,442,,,,1,0
498,442,,,,2,0
499,442,,,,3,0
500,442,,,,4,0
501,443,,,,1,0
502,443,,,,2,0
503,443,,,,3,0
504,443,,,,4,0
505,444,,,,1,0
506,444,,,,2,0
507,444,,,,3,0
508,444,,,,4,0
509,445,,,,1,0
510,445,,,,2,0
511,445,,,,3,0
512,445,,,,4,0
513,446,,,,1,0
514,446,,,,2,0
515,446,,,,3,0
516,446,,,,4,0
517,447,,,,1,0
518,447,,,,2,0
519,447,,,,3,0
520,447,,,,4,0
521,448,,,,1,0
522,448,,,,2,0
523,448,,,,3,0
524,448,,,,4,0
525,449,,,,1,0
526,449,,,,2,0
527,449,,,,3,0
528,449,,,,4,0
529,450,,,,1,0
530,450,,,,2,0
531,450,,,,3,0
532,450,,,,4,0
533,451,,,,1,0
534,451,,,,2,0
535,451,,,,3,0
536,451,,,,4,0
537,452,,,,1,0
538,452,,,,2,0
539,452,,,,3,0
540,452,,,,4,0
541,453,,,,1,0
542,453,,,,2,0
543,453,,,,3,0
544,453,,,,4,0
545,454,,,,1,0
546,454,,,,2,0
547,454,,,,3,0
548,454,,,,4,0
549,455,,,,1,0
550,455,,,,2,0
551,455,,,,3,0
552,455,,,,4,0
553,456,,,,1,0
554,456,,,,2,0
555,456,,,,3,0
556,456,,,,4,0
557,457,,,,1,0
558,457,,,,2,0
559,457,,,,3,0
560,457,,,,4,0
561,458,,,,1,0
562,458,,,,2,0
563,458,,,,3,0
564,458,,,,4,0
565,459,,,,1,0
566,459,,,,2,0
567,459,,,,3,0
568,459,,,,4,0
569,460,,,,1,0
570,460,,,,2,0
571,460,,,,3,0
572,460,,,,4,0
573,461,,,,1,0
574,461,,,,2,0
575,461,,,,3,0
576,461,,,,4,0
577,462,,,,1,0
578,462,,,,2,0
579,462,,,,3,0
580,462,,,,4,0
581,463,1,2025-10-08,,1,1
582,463,1,2025-10-09,,2,1
583,463,2,2025-10-10,,3,1
584,463,,,,4,0
585,464,1,2025-10-08,,1,1
586,464,1,2025-10-09,,2,1
587,464,2,2025-10-10,,3,1
588,464,,,,4,0
589,465,1,2025-10-08,,1,1
590,465,1,2025-10-09,,2,1
591,465,2,2025-10-10,,3,1
592,465,,,,4,0
593,466,,,,1,0
594,466,,,,2,0
595,466,,,,3,0
596,466,,,,4,0
597,467,,,,1,0
598,467,,,,2,0
599,467,,,,3,0
600,467,,,,4,0
601,468,,,,1,0
602,468,,,,2,0
603,468,,,,3,0
604,468,,,,4,0
605,469,,,,1,0
606,469,,,,2,0
607,469,,,,3,0
608,469,,,,4,0
609,470,,,,1,0
610,470,,,,2,0
611,470,,,,3,0
612,470,,,,4,0
613,471,,,,1,0
614,471,,,,2,0
615,471,,,,3,0
616,471,,,,4,0
617,472,,,,1,0
618,472,,,,2,0
619,472,,,,3,0
620,472,,,,4,0
621,473,,,,1,0
622,473,,,,2,0
623,473,,,,3,0
624,473,,,,4,0
625,474,,,,1,0
626,474,,,,2,0
627,474,,,,3,0
628,474,,,,4,0
629,475,,,,1,0
630,475,,,,2,0
631,475,,,,3,0
632,475,,,,4,0
633,476,,,,1,0
634,476,,,,2,0
635,476,,,,3,0
636,476,,,,4,0
637,477,,,,1,0
638,477,,,,2,0
639,477,,,,3,0
640,477,,,,4,0
641,478,,,,1,0
642,478,,,,2,0
643,478,,,,3,0
644,478,,,,4,0
645,479,,,,1,0
646,479,,,,2,0
647,479,,,,3,0
648,479,,,,4,0
649,480,,,,1,0
650,480,,,,2,0
651,480,,,,3,0
652,480,,,,4,0
653,481,,,,1,0
654,481,,,,2,0
655,481,,,,3,0
656,481,,,,4,0
657,482,,,,1,0
658,482,,,,2,0
659,482,,,,3,0
660,482,,,,4,0
661,483,,,,1,0
662,483,,,,2,0
663,483,,,,3,0
664,483,,,,4,0
665,484,,,,1,0
666,484,,,,2,0
667,484,,,,3,0
668,484,,,,4,0
669,485,,,,1,0
670,485,,,,2,0
671,485,,,,3,0
672,485,,,,4,0
673,486,,,,1,0
674,486,,,,2,0
675,486,,,,3,0
676,486,,,,4,0
677,487,,,,1,0
678,487,,,,2,0
679,487,,,,3,0
680,487,,,,4,0
681,488,,,,1,0
682,488,,,,2,0
683,488,,,,3,0
684,488,,,,4,0
685,489,,,,1,0
686,489,,,,2,0
687,489,,,,3,0
688,489,,,,4,0
689,490,,,,1,0
690,490,,,,2,0
691,490,,,,3,0
692,490,,,,4,0
693,491,,,,1,0
694,491,,,,2,0
695,491,,,,3,0
696,491,,,,4,0
697,492,,,,1,0
698,492,,,,2,0
699,492,,,,3,0
700,492,,,,4,0
701,493,,,,1,0
702,493,,,,2,0
703,493,,,,3,0
704,493,,,,4,0
705,494,,,,1,0
706,494,,,,2,0
707,494,,,,3,0
708,494,,,,4,0
709,495,,,,1,0
710,495,,,,2,0
711,495,,,,3,0
712,495,,,,4,0
713,496,,,,1,0
714,496,,,,2,0
715,496,,,,3,0
716,496,,,,4,0
717,497,,,,1,0
718,497,,,,2,0
719,497,,,,3,0
720,497,,,,4,0
721,498,,,,1,0
722,498,,,,2,0
723,498,,,,3,0
724,498,,,,4,0
725,499,,,,1,0
726,499,,,,2,0
727,499,,,,3,0
728,499,,,,4,0
729,500,,,,1,0
730,500,,,,2,0
731,500,,,,3,0
732,500,,,,4,0
733,501,,,,1,0
734,501,,,,2,0
735,501,,,,3,0
736,501,,,,4,0
737,502,,,,1,0
738,502,,,,2,0
739,502,,,,3,0
740,502,,,,4,0
741,503,,,,1,0
742,503,,,,2,0
743,503,,,,3,0
744,503,,,,4,0
745,504,,,,1,0
746,504,,,,2,0
747,504,,,,3,0
748,504,,,,4,0
749,505,,,,1,0
750,505,,,,2,0
751,505,,,,3,0
752,505,,,,4,0
753,506,,,,1,0
754,506,,,,2,0
755,506,,,,3,0
756,506,,,,4,0
757,507,,,,1,0
758,507,,,,2,0
759,507,,,,3,0
760,507,,,,4,0
761,508,,,,1,0
762,508,,,,2,0
763,508,,,,3,0
764,508,,,,4,0
765,509,,,,1,0
766,509,,,,2,0
767,509,,,,3,0
768,509,,,,4,0
769,510,,,,1,0
770,510,,,,2,0
771,510,,,,3,0
772,510,,,,4,0
773,511,,,,1,0
774,511,,,,2,0
775,511,,,,3,0
776,511,,,,4,0
777,512,,,,1,0
778,512,,,,2,0
779,512,,,,3,0
780,512,,,,4,0
781,513,,,,1,0
782,513,,,,2,0
783,513,,,,3,0
784,513,,,,4,0
785,514,,,,1,0
786,514,,,,2,0
787,514,,,,3,0
788,514,,,,4,0
789,515,,,,1,0
790,515,,,,2,0
791,515,,,,3,0
792,515,,,,4,0
793,516,,,,1,0
794,516,,,,2,0
795,516,,,,3,0
796,516,,,,4,0
797,517,,,,1,0
798,517,,,,2,0
799,517,,,,3,0
800,517,,,,4,0
801,518,,,,1,0
802,518,,,,2,0
803,518,,,,3,0
804,518,,,,4,0
805,519,,,,1,0
806,519,,,,2,0
807,519,,,,3,0
808,519,,,,4,0
809,520,,,,1,0
810,520,,,,2,0
811,520,,,,3,0
812,520,,,,4,0
813,521,,,,1,0
814,521,,,,2,0
815,521,,,,3,0
816,521,,,,4,0
817,522,,,,1,0
818,522,,,,2,0
819,522,,,,3,0
820,522,,,,4,0
821,523,,,,1,0
822,523,,,,2,0
823,523,,,,3,0
824,523,,,,4,0
825,524,,,,1,0
826,524,,,,2,0
827,524,,,,3,0
828,524,,,,4,0
829,525,,,,1,0
830,525,,,,2,0
831,525,,,,3,0
832,525,,,,4,0
833,526,,,,1,0
834,526,,,,2,0
835,526,,,,3,0
836,526,,,,4,0
837,527,,,,1,0
838,527,,,,2,0
839,527,,,,3,0
840,527,,,,4,0
841,528,,,,1,0
842,528,,,,2,0
843,528,,,,3,0
844,528,,,,4,0
845,529,,,,1,0
846,529,,,,2,0
847,529,,,,3,0
848,529,,,,4,0
849,530,,,,1,0
850,530,,,,2,0
851,530,,,,3,0
852,530,,,,4,0
853,531,,,,1,0
854,531,,,,2,0
855,531,,,,3,0
856,531,,,,4,0
857,532,,,,1,0
858,532,,,,2,0
859,532,,,,3,0
860,532,,,,4,0
861,533,,,,1,0
862,533,,,,2,0
863,533,,,,3,0
864,533,,,,4,0
865,534,,,,1,0
866,534,,,,2,0
867,534,,,,3,0
868,534,,,,4,0
869,535,,,,1,0
870,535,,,,2,0
871,535,,,,3,0
872,535,,,,4,0
873,536,,,,1,0
874,536,,,,2,0
875,536,,,,3,0
876,536,,,,4,0
877,537,,,,1,0
878,537,,,,2,0
879,537,,,,3,0
880,537,,,,4,0
881,538,,,,1,0
882,538,,,,2,0
883,538,,,,3,0
884,538,,,,4,0
885,539,,,,1,0
886,539,,,,2,0
887,539,,,,3,0
888,539,,,,4,0
889,540,,,,1,0
890,540,,,,2,0
891,540,,,,3,0
892,540,,,,4,0
893,541,,,,1,0
894,541,,,,2,0
895,541,,,,3,0
896,541,,,,4,0
897,542,,,,1,0
898,542,,,,2,0
899,542,,,,3,0
900,542,,,,4,0
901,543,,,,1,0
902,543,,,,2,0
903,543,,,,3,0
904,543,,,,4,0
905,544,,,,1,0
906,544,,,,2,0
907,544,,,,3,0
908,544,,,,4,0
909,545,,,,1,0
910,545,,,,2,0
911,545,,,,3,0
912,545,,,,4,0
913,546,,,,1,0
914,546,,,,2,0
915,546,,,,3,0
916,546,,,,4,0
917,547,,,,1,0
918,547,,,,2,0
919,547,,,,3,0
920,547,,,,4,0
921,548,,,,1,0
922,548,,,,2,0
923,548,,,,3,0
924,548,,,,4,0
925,549,,,,1,0
926,549,,,,2,0
927,549,,,,3,0
928,549,,,,4,0
929,550,,,,1,0
930,550,,,,2,0
931,550,,,,3,0
932,550,,,,4,0
933,551,,,,1,0
934,551,,,,2,0
935,551,,,,3,0
936,551,,,,4,0
937,552,,,,1,0
938,552,,,,2,0
939,552,,,,3,0
940,552,,,,4,0
941,553,,,,1,0
942,553,,,,2,0
943,553,,,,3,0
944,553,,,,4,0
945,554,,,,1,0
946,554,,,,2,0
947,554,,,,3,0
948,554,,,,4,0
949,555,,,,1,0
950,555,,,,2,0
951,555,,,,3,0
952,555,,,,4,0
953,556,,,,1,0
954,556,,,,2,0
955,556,,,,3,0
956,556,,,,4,0
957,557,,,,1,0
958,557,,,,2,0
959,557,,,,3,0
960,557,,,,4,0
961,558,,,,1,0
962,558,,,,2,0
963,558,,,,3,0
964,558,,,,4,0
965,559,,,,1,0
966,559,,,,2,0
967,559,,,,3,0
968,559,,,,4,0
969,560,,,,1,0
970,560,,,,2,0
971,560,,,,3,0
972,560,,,,4,0
973,561,,,,1,0
974,561,,,,2,0
975,561,,,,3,0
976,561,,,,4,0
977,562,,,,1,0
978,562,,,,2,0
979,562,,,,3,0
980,562,,,,4,0
981,563,,,,1,0
982,563,,,,2,0
983,563,,,,3,0
984,563,,,,4,0
985,564,,,,1,0
986,564,,,,2,0
987,564,,,,3,0
988,564,,,,4,0
989,565,,,,1,0
990,565,,,,2,0
991,565,,,,3,0
992,565,,,,4,0
993,566,,,,1,0
994,566,,,,2,0
995,566,,,,3,0
996,566,,,,4,0
997,567,,,,1,0
998,567,,,,2,0
999,567,,,,3,0
1000,567,,,,4,0
1001,568,,,,1,0
1002,568,,,,2,0
1003,568,,,,3,0
1004,568,,,,4,0
1005,569,,,,1,0
1006,569,,,,2,0
1007,569,,,,3,0
1008,569,,,,4,0
1009,570,,,,1,0
1010,570,,,,2,0
1011,570,,,,3,0
1012,570,,,,4,0
1013,571,,,,1,0
1014,571,,,,2,0
1015,571,,,,3,0
1016,571,,,,4,0
1017,572,,,,1,0
1018,572,,,,2,0
1019,572,,,,3,0
1020,572,,,,4,0
1021,573,,,,1,0
1022,573,,,,2,0
1023,573,,,,3,0
1024,573,,,,4,0
1025,574,,,,1,0
1026,574,,,,2,0
1027,574,,,,3,0
1028,574,,,,4,0
1033,576,,,,1,0
1034,576,,,,2,0
1035,576,,,,3,0
1036,576,,,,4,0
1037,577,,,,1,0
1038,577,,,,2,0
1039,577,,,,3,0
1040,577,,,,4,0
1045,579,1,2025-10-08,,1,1
1046,579,1,2025-10-09,,2,1
1047,579,2,2025-10-10,,3,1
1048,579,,,,4,0
1049,580,1,2025-10-08,,1,1
1050,580,1,2025-10-09,,2,1
1051,580,2,2025-10-10,,3,1
1052,580,3,,,4,0
1053,581,1,2025-10-08,,1,1
1054,581,1,2025-10-09,,2,1
1055,581,2,2025-10-10,,3,1
1056,581,3,,,4,0
1057,582,1,2025-10-08,,1,1
1058,582,1,2025-10-09,,2,1
1059,582,2,2025-10-10,,3,1
1060,582,3,,,4,0
1061,583,1,2025-10-08,,1,1
1062,583,1,2025-10-09,,2,1
1063,583,2,2025-10-10,,3,1
1064,583,3,,,4,0
1065,584,,,,1,0
1066,584,,,,2,0
1067,584,,,,3,0
1068,584,,,,4,0
1069,585,,,,1,0
1070,585,,,,2,0
1071,585,,,,3,0
1072,585,,,,4,0
1073,586,,,,1,0
1074,586,,,,2,0
1075,586,,,,3,0
1076,586,,,,4,0
1077,587,,,,1,0
1078,587,,,,2,0
1079,587,,,,3,0
1080,587,,,,4,0
1081,588,,,,1,0
1082,588,,,,2,0
1083,588,,,,3,0
1084,588,,,,4,0
1085,589,,,,1,0
1086,589,,,,2,0
1087,589,,,,3,0
1088,589,,,,4,0
1089,590,,,,1,0
1090,590,,,,2,0
1091,590,,,,3,0
1092,590,,,,4,0
1093,591,,,,1,0
1094,591,,,,2,0
1095,591,,,,3,0
1096,591,,,,4,0
1097,592,,,,1,0
1098,592,,,,2,0
1099,592,,,,3,0
1100,592,,,,4,0
1101,593,1,2025-10-08,,1,1
1102,593,1,2025-10-09,,2,1
1103,593,2,2025-10-10,,3,1
1104,593,3,,,4,0
1105,594,,,,1,0
1106,594,,,,2,0
1107,594,,,,3,0
1108,594,,,,4,0
1109,595,,,,1,0
1110,595,,,,2,0
1111,595,,,,3,0
1112,595,,,,4,0
1113,596,1,2025-10-08,,1,1
1114,596,1,2025-10-09,,2,1
1115,596,2,2025-10-10,,3,1
1116,596,3,,,4,0
1117,597,1,2025-10-08,,1,1
1118,597,1,2025-10-09,,2,1
1119,597,2,2025-10-10,,3,1
1120,597,3,,,4,0
1121,598,1,2025-10-08,,1,1
1122,598,1,2025-10-09,,2,1
1123,598,2,2025-10-10,,3,1
1124,598,3,,,4,0
1125,599,1,2025-10-08,,1,1
1126,599,1,2025-10-09,,2,1
1127,599,2,2025-10-10,,3,1
1128,599,1,,,4,0
1129,600,,,,1,0
1130,600,,,,2,0
1131,600,,,,3,0
1132,600,,,,4,0
1133,601,,,,1,0
1134,601,,,,2,0
1135,601,,,,3,0
1136,601,,,,4,0
1137,602,,,,1,0
1138,602,,,,2,0
1139,602,,,,3,0
1140,602,,,,4,0
1141,603,,,,1,0
1142,603,,,,2,0
1143,603,,,,3,0
1144,603,,,,4,0
1145,604,,,,1,0
1146,604,,,,2,0
1147,604,,,,3,0
1148,604,,,,4,0
1149,605,,,,1,0
1150,605,,,,2,0
1151,605,,,,3,0
1152,605,,,,4,0
1153,606,,,,1,0
1154,606,,,,2,0
1155,606,,,,3,0
1156,606,,,,4,0
1157,607,,,,1,0
1158,607,,,,2,0
1159,607,,,,3,0
1160,607,,,,4,0
1161,608,,,,1,0
1162,608,,,,2,0
1163,608,,,,3,0
1164,608,,,,4,0
1165,609,,,,1,0
1166,609,,,,2,0
1167,609,,,,3,0
1168,609,,,,4,0
1169,610,,,,1,0
1170,610,,,,2,0
1171,610,,,,3,0
1172,610,,,,4,0
1173,611,,,,1,0
1174,611,,,,2,0
1175,611,,,,3,0
1176,611,,,,4,0
1177,612,,,,1,0
1178,612,,,,2,0
1179,612,,,,3,0
1180,612,,,,4,0
1181,613,,,,1,0
1182,613,,,,2,0
1183,613,,,,3,0
1184,613,,,,4,0
1185,614,,,,1,0
1186,614,,,,2,0
1187,614,,,,3,0
1188,614,,,,4,0
1189,615,,,,1,0
1190,615,,,,2,0
1191,615,,,,3,0
1192,615,,,,4,0
1193,616,,,,1,0
1194,616,,,,2,0
1195,616,,,,3,0
1196,616,,,,4,0
1197,617,,,,1,0
1198,617,,,,2,0
1199,617,,,,3,0
1200,617,,,,4,0
1201,618,,,,1,0
1202,618,,,,2,0
1203,618,,,,3,0
1204,618,,,,4,0
1205,619,,,,1,0
1206,619,,,,2,0
1207,619,,,,3,0
1208,619,,,,4,0
1209,620,,,,1,0
1210,620,,,,2,0
1211,620,,,,3,0
1212,620,,,,4,0
1213,621,,,,1,0
1214,621,,,,2,0
1215,621,,,,3,0
1216,621,,,,4,0
1217,622,,,,1,0
1218,622,,,,2,0
1219,622,,,,3,0
1220,622,,,,4,0
1221,623,,,,1,0
1222,623,,,,2,0
1223,623,,,,3,0
1224,623,,,,4,0
1225,624,,,,1,0
1226,624,,,,2,0
1227,624,,,,3,0
1228,624,,,,4,0
1229,625,,,,1,1
1230,625,,,,2,0
1231,625,,,,3,0
1232,625,,,,4,0
1233,626,2,,,1,1
1234,626,,,,2,0
1235,626,,,,3,0
1236,626,,,,4,0
1237,627,2,,,1,0
1238,627,,,,2,0
1239,627,,,,3,0
1240,627,,,,4,0
1241,628,2,,,1,0
1242,628,,,,2,0
1243,628,,,,3,0
1244,628,,,,4,0
1245,629,2,,,1,0
1246,629,,,,2,0
1247,629,,,,3,0
1248,629,,,,4,0
1249,630,2,,,1,0
1250,630,,,,2,0
1251,630,,,,3,0
1252,630,,,,4,0
1253,631,2,,,1,0
1254,631,,,,2,0
1255,631,,,,3,0
1256,631,,,,4,0
1257,632,2,,,1,0
1258,632,,,,2,0
1259,632,,,,3,0
1260,632,,,,4,0
1261,633,2,,,1,0
1262,633,,,,2,0
1263,633,,,,3,0
1264,633,,,,4,0
1265,634,2,,,1,0
1266,634,,,,2,0
1267,634,,,,3,0
1268,634,,,,4,0
1269,635,2,,,1,0
1270,635,,,,2,0
1271,635,,,,3,0
1272,635,,,,4,0
1273,636,2,,,1,0
1274,636,,,,2,0
1275,636,,,,3,0
1276,636,,,,4,0
1277,637,2,,,1,0
1278,637,,,,2,0
1279,637,,,,3,0
1280,637,,,,4,0
1281,638,2,,,1,0
1282,638,,,,2,0
1283,638,,,,3,0
1284,638,,,,4,0
1285,639,2,,,1,0
1286,639,,,,2,0
1287,639,,,,3,0
1288,639,,,,4,0
1289,640,2,,,1,0
1290,640,,,,2,0
1291,640,,,,3,0
1292,640,,,,4,0
1293,641,2,,,1,0
1294,641,,,,2,0
1295,641,,,,3,0
1296,641,,,,4,0
1297,642,2,,,1,0
1298,642,,,,2,0
1299,642,,,,3,0
1300,642,,,,4,0
1301,643,2,,,1,0
1302,643,,,,2,0
1303,643,,,,3,0
1304,643,,,,4,0
1305,644,2,,,1,0
1306,644,,,,2,0
1307,644,,,,3,0
1308,644,,,,4,0
1309,645,2,,,1,0
1310,645,,,,2,0
1311,645,,,,3,0
1312,645,,,,4,0
1313,646,2,2025-10-16,,1,1
1314,646,,,,2,0
1315,646,,,,3,0
1316,646,,,,4,0
1317,647,2,2025-10-16,,1,0
1318,647,,,,2,0
1319,647,,,,3,0
1320,647,,,,4,0
1321,648,2,2025-10-16,,1,0
1322,648,,,,2,0
1323,648,,,,3,0
1324,648,,,,4,0
1325,649,2,2025-10-16,,1,0
1326,649,,,,2,0
1327,649,,,,3,0
1328,649,,,,4,0
1329,650,2,2025-10-16,,1,0
1330,650,,,,2,0
1331,650,,,,3,0
1332,650,,,,4,0
1333,651,2,2025-10-16,,1,0
1334,651,,,,2,0
1335,651,,,,3,0
1336,651,,,,4,0
1337,652,2,2025-10-16,,1,0
1338,652,,,,2,0
1339,652,,,,3,0
1340,652,,,,4,0
1341,653,2,2025-10-16,,1,0
1342,653,,,,2,0
1343,653,,,,3,0
1344,653,,,,4,0
1345,654,2,2025-10-16,,1,0
1346,654,,,,2,0
1347,654,,,,3,0
1348,654,,,,4,0
1349,655,2,2025-10-16,,1,0
1350,655,,,,2,0
1351,655,,,,3,0
1352,655,,,,4,0
1353,656,2,,,1,0
1354,656,,,,2,0
1355,656,,,,3,0
1356,656,,,,4,0
1357,657,,,,1,0
1358,657,,,,2,0
1359,657,,,,3,0
1360,657,,,,4,0
1361,658,,,,1,0
1362,658,,,,2,0
1363,658,,,,3,0
1364,658,3,,,4,0
1365,659,2,2025-10-16,,1,1
1366,659,,,,2,0
1367,659,,,,3,0
1368,659,,,,4,0
1369,660,,,,1,0
1370,660,,,,2,0
1371,660,,,,3,0
1372,660,,,,4,0
1373,661,,,,1,0
1374,661,,,,2,0
1375,661,,,,3,0
1376,661,,,,4,0
1377,662,,,,1,0
1378,662,,,,2,0
1379,662,,,,3,0
1380,662,,,,4,0
1381,663,,,,1,0
1382,663,,,,2,0
1383,663,,,,3,0
1384,663,,,,4,0
1385,664,,,,1,0
1386,664,,,,2,0
1387,664,,,,3,0
1388,664,,,,4,0
1393,666,2,2025-10-16,,1,1
1394,666,1,,,2,0
1395,666,,,,3,0
1396,666,,,,4,0
1397,667,,,,1,0
1398,667,,,,2,0
1399,667,,,,3,0
1400,667,,,,4,0
1401,668,,,,1,0
1402,668,,,,2,0
1403,668,,,,3,0
1404,668,,,,4,0
1405,669,,,,1,0
1406,669,,,,2,0
1407,669,,,,3,0
1408,669,,,,4,0
1409,670,,,,1,0
1410,670,,,,2,0
1411,670,,,,3,0
1412,670,,,,4,0
1413,671,,,,1,0
1414,671,,,,2,0
1415,671,,,,3,0
1416,671,,,,4,0
1417,672,,,,1,0
1418,672,,,,2,0
1419,672,,,,3,0
1420,672,,,,4,0
1421,673,,,,1,0
1422,673,,,,2,0
1423,673,,,,3,0
1424,673,,,,4,0
1425,674,,,,1,0
1426,674,,,,2,0
1427,674,,,,3,0
1428,674,,,,4,0
1429,675,,,,1,0
1430,675,,,,2,0
1431,675,,,,3,0
1432,675,,,,4,0
1433,676,,,,1,0
1434,676,,,,2,0
1435,676,,,,3,0
1436,676,,,,4,0
1437,677,2,2025-10-16,,1,1
1438,677,1,,,2,0
1439,677,,,,3,0
1440,677,,,,4,0
1441,678,2,2025-10-16,,1,1
1442,678,1,,,2,0
1443,678,,,,3,0
1444,678,,,,4,0
1445,679,2,2025-10-16,,1,1
1446,679,1,,,2,0
1447,679,,,,3,0
1448,679,,,,4,0
1449,680,2,2025-10-16,,1,1
1450,680,1,,,2,0
1451,680,,,,3,0
1452,680,,,,4,0
1453,681,2,2025-10-16,,1,1
1454,681,1,,,2,0
1455,681,,,,3,0
1456,681,,,,4,0
1457,682,2,2025-10-16,,1,1
1458,682,1,,,2,0
1459,682,,,,3,0
1460,682,,,,4,0
1461,683,,,,1,0
1462,683,,,,2,0
1463,683,,,,3,0
1464,683,,,,4,0
1465,684,,,,1,0
1466,684,,,,2,0
1467,684,,,,3,0
1468,684,,,,4,0
1469,685,2,2025-10-16,,1,1
1470,685,1,,,2,0
1471,685,,,,3,0
1472,685,,,,4,0
1473,686,2,2025-10-16,,1,1
1474,686,1,,,2,0
1475,686,,,,3,0
1476,686,,,,4,0
1477,687,2,2025-10-16,,1,1
1478,687,1,,,2,0
1479,687,,,,3,0
1480,687,,,,4,0
1481,688,2,2025-10-16,,1,1
1482,688,1,,,2,0
1483,688,,,,3,0
1484,688,,,,4,0
1485,689,,,,1,0
1486,689,,,,2,0
1487,689,,,,3,0
1488,689,,,,4,0
1489,690,,,,1,0
1490,690,,,,2,0
1491,690,,,,3,0
1492,690,,,,4,0
1493,691,,,,1,0
1494,691,,,,2,0
1495,691,,,,3,0
1496,691,,,,4,0
1497,692,,,,1,0
1498,692,,,,2,0
1499,692,,,,3,0
1500,692,,,,4,0
1501,693,,,,1,0
1502,693,,,,2,0
1503,693,,,,3,0
1504,693,,,,4,0
1505,694,,,,1,0
1506,694,,,,2,0
1507,694,,,,3,0
1508,694,,,,4,0
1509,695,,,,1,0
1510,695,,,,2,0
1511,695,,,,3,0
1512,695,,,,4,0
1513,696,,,,1,0
1514,696,,,,2,0
1515,696,,,,3,0
1516,696,,,,4,0
1517,697,,,,1,0
1518,697,,,,2,0
1519,697,,,,3,0
1520,697,,,,4,0
1521,698,,,,1,0
1522,698,,,,2,0
1523,698,,,,3,0
1524,698,,,,4,0
1525,699,,,,1,0
1526,699,,,,2,0
1527,699,,,,3,0
1528,699,,,,4,0
1529,700,,,,1,0
1530,700,,,,2,0
1531,700,,,,3,0
1532,700,,,,4,0
1533,701,,,,1,0
1534,701,,,,2,0
1535,701,,,,3,0
1536,701,,,,4,0
1537,702,,,,1,0
1538,702,,,,2,0
1539,702,,,,3,0
1540,702,,,,4,0
1541,703,,,,1,0
1542,703,,,,2,0
1543,703,,,,3,0
1544,703,,,,4,0
1545,704,,,,1,0
1546,704,,,,2,0
1547,704,,,,3,0
1548,704,,,,4,0
1549,705,,,,1,0
1550,705,,,,2,0
1551,705,,,,3,0
1552,705,,,,4,0
1553,706,2,,,1,0
1554,706,,,,2,0
1555,706,,,,3,0
1556,706,,,,4,0
1557,707,,,,1,0
1558,707,,,,2,0
1559,707,,,,3,0
1560,707,,,,4,0
1561,708,,,,1,0
1562,708,,,,2,0
1563,708,,,,3,0
1564,708,,,,4,0
1565,709,,,,1,0
1566,709,,,,2,0
1567,709,,,,3,0
1568,709,,,,4,0
1569,710,,,,1,0
1570,710,,,,2,0
1571,710,,,,3,0
1572,710,,,,4,0
1573,711,,,,1,0
1574,711,,,,2,0
1575,711,,,,3,0
1576,711,,,,4,0
1577,712,,,,1,0
1578,712,,,,2,0
1579,712,,,,3,0
1580,712,,,,4,0
1581,713,,,,1,0
1582,713,,,,2,0
1583,713,,,,3,0
1584,713,,,,4,0
1585,714,,,,1,0
1586,714,,,,2,0
1587,714,,,,3,0
1588,714,,,,4,0
1589,715,,,,1,0
1590,715,,,,2,0
1591,715,,,,3,0
1592,715,,,,4,0
1593,716,,,,1,0
1594,716,,,,2,0
1595,716,,,,3,0
1596,716,,,,4,0
1597,717,,,,1,0
1598,717,,,,2,0
1599,717,,,,3,0
1600,717,,,,4,0
1601,718,,,,1,0
1602,718,,,,2,0
1603,718,,,,3,0
1604,718,,,,4,0
1605,719,,,,1,0
1606,719,,,,2,0
1607,719,,,,3,0
1608,719,,,,4,0
1609,720,,,,1,0
1610,720,,,,2,0
1611,720,,,,3,0
1612,720,,,,4,0
1613,721,,,,1,0
1614,721,,,,2,0
1615,721,,,,3,0
1616,721,,,,4,0
1617,722,,,,1,0
1618,722,,,,2,0
1619,722,,,,3,0
1620,722,,,,4,0
1621,723,,,,1,0
1622,723,,,,2,0
1623,723,,,,3,0
1624,723,,,,4,0
1625,724,,,,1,0
1626,724,,,,2,0
1627,724,,,,3,0
1628,724,,,,4,0
